id	step	file	requires	table
logo	launch	bootloader/hekate_ipl.ini
hekate	system	bootloader/hekate_ipl.ini
nyx	system	bootloader/nyx.ini
dns	security	atmosphere/hosts
exosphere	security	exosphere.ini
atmosphere	system	atmosphere/config/system_settings.ini
stratosphere	system	atmosphere/config/stratosphere.ini
hbl	system	atmosphere/config/override_config.ini
sys_patch	sysmodules	config/sys-patch/config.ini	sys_patch
missioncontrol	sysmodules	config/MissionControl/missioncontrol.ini	missioncontrol
sys_con	sysmodules	config/sys-con/config.ini	sys_con
sys_tune	sysmodules	config/sys-tune/config.ini	sys_tune
sys_ftpd_light	sysmodules	config/sys-ftpd/config.ini	sys_ftpd_light
tesla	overlays	config/tesla/config.ini	ovlmenu|ultrahand
ultrahand	overlays	config/ultrahand/config.ini	ultrahand	ultrahand/ultrahand.tsv
status_monitor	overlays	config/status-monitor/config.ini	status_monitor	status_monitor/status-monitor.tsv
status_monitor_full	overlays	config/status-monitor/config.ini	status_monitor	status_monitor/full.tsv
status_monitor_mini	overlays	config/status-monitor/config.ini	status_monitor	status_monitor/mini.tsv
status_monitor_micro	overlays	config/status-monitor/config.ini	status_monitor	status_monitor/micro.tsv
status_monitor_fps_counter	overlays	config/status-monitor/config.ini	status_monitor	status_monitor/fps-counter.tsv
status_monitor_fps_graph	overlays	config/status-monitor/config.ini	status_monitor	status_monitor/fps-graph.tsv
status_monitor_game_resolutions	overlays	config/status-monitor/config.ini	status_monitor	status_monitor/game_resolutions.tsv
dbi_patcher	apps	switch/DBI/translation.bin	dbi_patcher
jksv	apps	config/JKSV/JKSV.json	jksv	jksv/jksv.tsv
jksv_webdav	apps	config/JKSV/webdav.json	jksv	jksv/webdav.tsv
amiigo	apps	config/amiigo/settings.json	amiigo
sys_clk	overclock	config/sys-clk/config.ini	sys_clk
