id	type	default	values	min	max	step
key_combo	multiselect	L,DDOWN,RSTICK	L,R,ZL,ZR,DLEFT,DUP,DRIGHT,DDOWN,A,B,X,Y,LSTICK,RSTICK,MINUS,PLUS
mini_show	multiselect	CPU,GPU,RAM,TEMP,FAN,DRAW,FPS,RES,READ	CPU,GPU,RAM,TEMP,FAN,DRAW,FPS,RES,READ
micro_show	multiselect	CPU,GPU,RAM,BRD,FAN,FPS	CPU,GPU,RAM,BRD,FAN,FPS
average_gpu_load	toggle	off
touch_screen	toggle	on
motion_control	toggle	on
mini_font_size	range	15		10	30	1
micro_font_size	range	18		10	30	1
battery_avg_iir_filter	toggle	off
battery_time_left_refreshrate	number	60		1	3600
use_old_fps_average	toggle	off
font_cache	toggle	on
