id	type	default	values	min	max	maxLength
ExitToHomeScreen	toggle	off
SavesFolder	text	sdmc:/switch/DBI/saves/				128
LogEvents	toggle	off
LogsFolder	text	sdmc:/switch/DBI/logs/				128
DumpsFolder	text	sdmc:/switch/DBI/dumps				128
AppSorting	multiselect	LastPlayed,InstallLocation,Size,Name	LastPlayed,InstallLocation,Size,Name	1
SaveSorting	multiselect	AppLastPlayed,AppName,UserUid,Size,Time	AppLastPlayed,AppName,UserUid,Size,Time	1
HighlightUpdates	toggle	on
RotateScreen	toggle	off
RotateJoycon	toggle	off
VersionsURL	text	https://raw.githubusercontent.com/blawar/titledb/master/versions.txt				255
TitleDB	text	https://raw.githubusercontent.com/blawar/titledb/master/US.en.json				255
ROSaveFS	toggle	off
ShowUpdateFromHere	toggle	on
ShowCacheWarmingIndicator	toggle	on
MoveDownAfterX	toggle	on
ScreenIdleTimeout	number	0		0	3600
Autorepeat	toggle	on
Secondcursor	toggle	off
FoolproofSaveDelete	toggle	off
TimeShow	toggle	on
TimeShowSeconds	toggle	on
BrowseAppsFromFiles	toggle	off
ValidateSSL	toggle	off
DBIUpdateURL	text	https://github.com/rashevskyv/DBI/releases/latest/download/latest.zip				255
DumpForwarders	toggle	off
HideFolderJpg	toggle	on
ShowFolderImage	toggle	on
CustomDNS	text					64
SmartNetworkConfig	toggle	on
AutoSaveBackupInterval	number	0		0	365
ContentsPath	text	/atmosphere/contents				128
ExefsPatchesPath	text	/atmosphere/exefs_patches				128
