version	date	status
6.61	2015-01-15	stable
6.60	2011-08-10	stable
6.50	2011-08-16	legacy
6.39	2011-05-24	legacy
6.38	2011-04-12	legacy
6.37	2011-01-20	legacy
6.36	2010-12-01	legacy
6.35	2010-11-24	legacy
6.31	2010-07-29	legacy
6.30	2010-06-29	legacy
6.20	2009-11-18	legacy
6.10	2009-09-30	legacy
6.00	2009-09-10	legacy
5.70	2009-10-01	legacy
5.55	2009-07-05	legacy
5.51	2009-06-11	legacy
5.50	2009-04-20	legacy
5.05	2009-02-19	legacy
5.03	2009-01-19	legacy
5.02	2008-11-20	legacy
5.01	2008-10-21	legacy
5.00	2008-10-15	legacy
4.21	2008-12-05	legacy
4.20	2008-10-14	legacy
4.05	2008-07-13	legacy
4.01	2008-06-25	legacy
4.00	2008-06-18	legacy
3.96	2008-06-03	legacy
3.95	2008-04-08	legacy
3.93	2008-03-18	legacy
3.90	2008-01-29	legacy
3.80	2007-12-17	legacy
3.73	2007-11-29	legacy
3.72	2007-10-30	legacy
3.71	2007-09-13	legacy
3.70	2007-09-11	legacy
3.60	2007-09-10	legacy
3.52	2007-07-24	legacy
3.51	2007-06-29	legacy
3.50	2007-05-31	legacy
3.40	2007-04-20	legacy
3.30	2007-03-28	legacy
3.11	2007-02-08	legacy
3.10	2007-01-30	legacy
3.03	2006-12-20	legacy
3.02	2006-12-06	legacy
3.01	2006-11-22	legacy
3.00	2006-11-21	legacy
2.82	2006-10-26	legacy
2.81	2006-09-07	legacy
2.80	2006-07-27	legacy
2.71	2006-05-30	legacy
2.70	2006-04-25	legacy
2.60	2005-11-29	legacy
2.50	2005-10-13	legacy
2.01	2005-10-03	legacy
2.00	2005-09-01	legacy
1.52	2005-06-15	legacy
1.51	2005-05-18	legacy
1.50	2005-03-24	legacy
1.00	2004-12-12	legacy
