id	name	author	category	version	size	released	logo	source	payload	requires	replaces	conflicts_with	tracks	hardware	deprecated	is_required	risky
atmosphere	Atmosphere	SciresM	base	1.12.0	4764430	2026-09-27	atmosphere.png	github								on
hekate	Hekate	CTCaer	base	6.5.4	1116175	2026-09-28	hekate.png	github								on
sys_patch	sys-patch	TotalJustice / impeeza	base	1.6.2.3	177409	2026-06-17		github					hos,atmosphere
fusee	Fusee	SciresM	payloads	1.12.0	112064	2026-09-27		github	bootloader/payloads/fusee.bin
lockpick_rcm	Lockpick RCM	shchmue / impeeza	payloads	2.0.1	95790	2026-09-10		github	bootloader/payloads/Lockpick_RCM.bin
tegraexplorer	TegraExplorer	suchmememanyskill	payloads	4.2.0	124954	2024-07-07		github	bootloader/payloads/TegraExplorer.bin
common_problem_resolver	CommonProblemResolver	Team Neptune	payloads	0.3.5	86085	2022-10-21		github	bootloader/payloads/CommonProblemResolver.bin
hwfly_toolbox	Hwfly Toolbox	hwfly-nx	payloads	1.1.1	78348	2022-05-09		github	bootloader/payloads/hwfly_toolbox.bin					mariko,oled,lite
picofly_toolbox	Picofly Toolbox	Ansem-SoD	payloads	0.2	70608			url	bootloader/payloads/picofly_toolbox.bin					mariko,oled,lite
missioncontrol	MissionControl	ndeadly	sysmodules	0.15.2	193480	2026-06-18	missioncontrol.png	appstore				ldn_mitm
sys_clk	sys-clk	RetroNX	sysmodules	2.0.1-fix	3438174	2026-02-17	sys_clk.png	appstore
nx_fan_control	NX-FanControl	Zathawo / dominatorul	sysmodules	1.0.5+	534207	2026-02-13		github		ovlmenu|ultrahand
saltynx	SaltyNX	masagrator	sysmodules	2.0.0	225188	2026-09-27		appstore
ldn_mitm	ldn_mitm	spacemeowx2	sysmodules	1.25.1	343088	2026-04-08	ldn_mitm.png	github				missioncontrol
sys_con	sys-con	cathery / o0Zz	sysmodules	2.0.0	280130	2026-09-26	sys_con.png	appstore
sysdvr	SysDVR	exelix11	sysmodules	6.3	3296711	2026-02-11	sysdvr.png	appstore
sys_ftpd_light	sys-ftpd-light	cathery	sysmodules	1.0.5	133019	2024-11-16		appstore
sys_tune	sys-tune	HookedBehemoth	sysmodules	2.1.0-beta.1	345559	2025-11-16	sys_tune.png	appstore		ovlmenu|ultrahand
fizeau	Fizeau	averne	sysmodules	2.8.3	1536484	2026-08-07	fizeau.jpg	github
sys_hidplus	sys-hidplus	PaskaPinishkes	sysmodules	1.1	51121	2021-10-04		appstore							on
ovlmenu	Tesla Menu	WerWolv	overlays	1.2.3	323107	2023-06-01	ovlmenu.png	appstore				ultrahand
ultrahand	Ultrahand	ppkantorski	overlays	2.5.3	955274	2026-07-31	ultrahand.png	appstore				ovlmenu
status_monitor	Status Monitor	masagrator	overlays	1.4.1	214479	2026-05-19		appstore		ovlmenu|ultrahand
fps_locker	FPSLocker	masagrator	overlays	3.4.0	710422	2026-09-27		appstore		saltynx,ovlmenu|ultrahand
reversenx_rt	ReverseNX-RT	masagrator	overlays	2.2.1	315448	2025-11-15		github		saltynx,ovlmenu|ultrahand
sysdvr_overlay	SysDVR Overlay	Hartie95	overlays	1.0.15	143062	2026-02-13	sysdvr_overlay.png	appstore		sysdvr,ovlmenu|ultrahand
edizon_overlay	EdiZon Overlay	proferabg / WerWolv	overlays	1.0.15	380679	2026-04-25	edizon_overlay.png	appstore		ovlmenu|ultrahand
noled	noled	kemalsanli	overlays	1.0.0	282680	2026-03-12		github		ovlmenu|ultrahand
master_volume	MasterVolume	averne	overlays	1.2.3	434772	2026-05-16		github		ovlmenu|ultrahand			hos
bt_audio	BT_Audio-ovl	masagrator	overlays	1.0.2	286776	2025-11-15		github		ovlmenu|ultrahand
daybreak	Daybreak	Adubbz	tools	1.12.0	0		daybreak.jpg	bundled
appstore	Homebrew App Store	4TU Team	tools	2.3.2	7786002	2025-01-10	appstore.png	appstore
sphaira	sphaira	ITotalJustice	tools	1.0.7	2259983	2026-09-17	sphaira.png	appstore
dbi	DBI	duckbill	installers	912ru	16657965	2026-09-18	dbi.jpg	github			tinfoil,goldleaf
dbi_patcher	DBIPatcher	rashevskyv	installers	905	16918333	2026-09-10	dbi_patcher.jpg	github		dbi							on
tinfoil	Tinfoil	blawar	installers	20.0	8704000			manual			goldleaf
goldleaf	Goldleaf	XorTroll	installers	1.2.1	5249300	2026-09-23	goldleaf.png	appstore			tinfoil
nxdumptool	nxdumptool	DarkMatterCore	installers	2026.04.24	1308155	2026-05-14	nxdumptool.png	appstore
aio_updater	AIO Switch Updater	HamletDuFromage	tools	2.23.3	3538231	2025-11-18	aio_updater.jpg	github			switch_cheats_updater
jksv	JKSV	J-D-K	saves	12/02/2025	4472291	2025-12-03	jksv.png	appstore			checkpoint,neumann
checkpoint	Checkpoint	FlagBrew	saves	5.2.0	2436384	2026-08-27	checkpoint.png	appstore			neumann
neumann	Neumann	turtle-insect	saves	0.0.32	1170040	2026-04-17	neumann.png	appstore			checkpoint
edizon	EdiZon SE	tomvita	mods	3.8.37a	10880820	2026-05-19	edizon.png	github
breeze	Breeze	tomvita	mods	beta108.4c	9631043	2026-07-30	breeze.jpg	github			edizon
simple_mod_manager	SimpleModManager	nadrino	mods	2.1.4	4151256	2026-02-24	simple_mod_manager.png	appstore
simple_mod_downloader	SimpleModDownloader	PoloNX	mods	2.3.0	4608694	2025-12-08	simple_mod_downloader.png	appstore		simple_mod_manager
switch_cheats_updater	switch-cheats-updater	HamletDuFromage	mods	1.2.1	916880	2020-05-12	switch_cheats_updater.png	appstore							on
emuiibo	emuiibo	XorTroll	amiibo	1.1.3	629696	2026-03-14	emuiibo.png	github
amiigo	Amiigo	CompSciOrBust	amiibo	2.4.1	3823895	2026-01-20	amiigo.png	appstore		emuiibo
amiibo_generator	AmiiboGenerator	Slluxx	amiibo	2.1.1	666142	2023-11-05	amiibo_generator.png	appstore		emuiibo					on
linkalho	Linkalho	rdmrocha / impeeza	tools	2.0.2	3156396	2025-11-17	linkalho.jpg	github
nx_shell	NX-Shell	Joel16	tools	4.01	3614714	2022-08-08	nx_shell.png	appstore
nx_activity_log	NX Activity Log	tallbl0nde / zdm65477730	tools	1.5.9	10927289	2026-08-24	nx_activity_log.jpg	github
jc_color_swapper	JC Color Swapper	HamletDuFromage	tools	1.2	538430	2020-05-12	jc_color_swapper.png	appstore							on
nxmp	NXMP	proconsule	media	0.9.3	45564568	2025-12-17	nxmp.png	appstore
switchfin	Switchfin	dragonflylee	media	0.9.4	41773615	2026-09-04	switchfin.png	appstore
pplay	pPlay	Cpasjuste	media	3.8	15128532	2022-02-21	pplay.png	appstore							on
browsenx	BrowseNX	crc-32	media	0.4.1	175374	2021-04-25	browsenx.png	appstore							on
lennytube	lennytube	noirscape	media	1.0.2	142733	2019-09-16	lennytube.png	appstore							on
comicnx	ComicNX	HookedBehemoth	media	1.2.0	4595248	2019-10-17	comicnx.png	appstore							on
nxthemes_installer	NXThemes Installer	exelix11	themes	nxt-3.0.2	5452743	2026-09-23	nxthemes_installer.png	appstore
themezer	Themezer	suchmememanyskill	themes	3.3.0	4352234	2026-09-24	themezer.png	appstore		nxthemes_installer
ulaunch	uLaunch	XorTroll	themes	1.2.5	11198821	2026-07-31	ulaunch.png	appstore
moonlight	Moonlight	XITRIX	streaming	1.5.0	8836707	2026-05-25	moonlight.png	appstore			skynx,switch_remote_play
akira	Akira (chiaki-ng)	xlanor	streaming	0.6.3	13330593	2026-09-09	akira.jpg	github
skynx	SkyNX	DevL0rd	streaming	1.5	9492260	2022-03-21	skynx.png	appstore			switch_remote_play				on
switch_remote_play	switch-remote-play	Moehammered	streaming	1.0.0	9388140	2021-11-29	switch_remote_play.png	appstore			skynx				on
retroarch	RetroArch	libretro	emulators	1.22.1	62478624	2025-11-15	retroarch.png	appstore			flycast,ppsspp,melonds,mgba,psnes,pnes,pfbneo
flycast	Flycast	libretro	emulators	nightly	8166607			url		retroarch
ppsspp	PPSSPP	hrydgard / m4xw	emulators	1.17.x (Sept 9, 2024)	20226510	2025-04-29	ppsspp.png	appstore
melonds	melonDS	Arisotura / ArcDelta	emulators	7.2.1	1389241	2026-04-25	melonds.png	appstore			noods,desmume
noods	NooDS	Hydr8gon	emulators	release	2714438	2026-08-09	noods.png	github			desmume
desmume	DeSmuME-NX	Laproxi / MasterFeizz	emulators	0.0.3	1693444	2018-07-21	desmume.png	appstore			noods				on
mgba	mGBA	endrift	emulators	0.10.5	2990112	2025-03-23	mgba.png	appstore
psnes	pSNES	Cpasjuste	emulators	7.2	14858460	2026-08-19	psnes.png	appstore
pnes	pNES	Cpasjuste	emulators	7.2	14989033	2026-08-19	pnes.png	appstore
pfbneo	pFBNeo	Cpasjuste	emulators	7.2	22456946	2026-08-19	pfbneo.png	appstore
scummvm	ScummVM	ScummVM Team	emulators	2026.3.0	121852316	2026-06-21	scummvm.png	appstore
sys_botbase	sys-botbase	olliz0r	development	2.5	74086	2026-06-02		github				usb_botbase
usb_botbase	USB-Botbase	fishguy6564	development	1.1	49247	2020-08-26		appstore				sys_botbase			on
sys_gdbstub	sys-gdbstub	mossvr	development	0.1.6	108452	2021-10-15		github							on
twili	Twili	misson20000	development	1.4.0	3446654	2021-06-13		github							on
