id	name
0100F2C0115B6000	The Legend of Zelda: Tears of the Kingdom
01007EF00011E000	The Legend of Zelda: Breath of the Wild
010074F013262000	Xenoblade Chronicles 3
0100FF500E34A000	Xenoblade Chronicles: Definitive Edition
0100BFE00E9CA000	The Witcher 3: Wild Hunt
0100A3D008C5C000	Pokémon Scarlet
01008F6008C5E000	Pokémon Violet
01001F5010DFA000	Pokémon Legends: Arceus
0100F7E00C70E000	Hogwarts Legacy
0100B04011742000	Monster Hunter Rise
0100B1A00D8CE000	DOOM Eternal
010012101468C000	Metroid Prime Remastered
01004A4010FEA000	Bayonetta 3
0100A6301214E000	Fire Emblem Engage
01004D300C5AE000	Kirby and the Forgotten Land
