version	date	status	atmosphere	supported
23.0.1	2026-10-01	stable
23.0.0	2026-09-10	stable	1.12.0	2026-09-27
22.5.0	2026-06-16	stable	1.11.2	2026-06-16
22.1.0	2026-05-06	stable	1.11.1	2026-04-07
22.0.0	2026-03-16	stable	1.11.0	2026-04-03
21.2.0	2026-01-12	stable	1.10.2	2026-01-14
21.1.0	2025-12-08	stable	1.10.1	2025-12-09
21.0.1	2025-11-24	stable	1.10.0-prerelease	2025-11-15
21.0.0	2025-11-10	stable	1.10.0-prerelease	2025-11-15
20.5.0	2025-09-29	legacy	1.9.5	2025-09-30
20.4.0	2025-09-01	legacy	1.9.4	2025-09-03
20.3.0	2025-07-28	legacy	1.9.3	2025-07-30
20.2.0	2025-07-14	legacy	1.9.2	2025-07-16
20.1.5	2025-06-18	legacy	1.9.1	2025-05-29
20.1.1	2025-06-02	legacy	1.9.1	2025-05-29
20.1.0	2025-05-27	legacy	1.9.1	2025-05-29
20.0.1	2025-05-02	legacy	1.9.0-prerelease	2025-05-09
20.0.0	2025-04-29	legacy	1.9.0-prerelease	2025-05-09
19.0.1	2024-10-28	legacy	1.8.0-prerelease	2024-10-16
19.0.0	2024-10-07	legacy	1.8.0-prerelease	2024-10-16
18.1.0	2024-06-10	legacy	1.7.1	2024-06-11
18.0.1	2024-04-22	legacy	1.7.0-prerelease	2024-03-29
18.0.0	2024-03-25	legacy	1.7.0-prerelease	2024-03-29
17.0.1	2023-12-04	legacy	1.6.0-prerelease	2023-10-12
17.0.0	2023-10-10	legacy	1.6.0-prerelease	2023-10-12
16.1.0	2023-08-21	dead	1.5.5	2023-08-22
16.0.3	2023-05-08	dead	1.5.3	2023-05-09
16.0.2	2023-04-17	dead	1.5.0-prerelease	2023-02-23
16.0.1	2023-03-22	dead	1.5.0-prerelease	2023-02-23
16.0.0	2023-02-20	dead	1.5.0-prerelease	2023-02-23
15.0.1	2022-10-31	dead	1.4.0	2022-10-12
15.0.0	2022-10-10	dead	1.4.0	2022-10-12
14.1.2	2022-06-13	dead	1.3.1	2022-04-05
14.1.1	2022-04-18	dead	1.3.1	2022-04-05
14.1.0	2022-04-04	dead	1.3.1	2022-04-05
14.0.0	2022-03-21	dead	1.3.0	2022-03-23
13.2.1	2022-01-19	dead	1.2.6	2022-01-20
13.2.0	2021-11-30	dead	1.2.5	2021-12-01
13.1.0	2021-10-25	dead	0.19.5	2021-07-06
13.0.0	2021-09-14	dead	0.19.5	2021-07-06
12.1.0	2021-07-05	dead	0.19.5	2021-07-06
12.0.3	2021-06-07	dead	0.19.4	2021-06-08
12.0.2	2021-05-11	dead	0.19.3	2021-05-12
12.0.1	2021-04-19	dead	0.19.0	2021-04-11
12.0.0	2021-04-05	dead	0.19.0	2021-04-11
11.0.1	2020-12-10	dead	0.16.1	2020-12-11
11.0.0	2020-11-30	dead	0.16.0	2020-12-02
10.2.0	2020-09-14	dead	0.14.3	2020-09-15
10.1.0	2020-07-13	dead	0.11.0	2020-04-14
10.0.4	2020-06-04	dead	0.11.0	2020-04-14
10.0.3	2020-05-25	dead	0.11.0	2020-04-14
10.0.2	2020-04-29	dead	0.11.0	2020-04-14
10.0.1	2020-04-21	dead	0.11.0	2020-04-14
10.0.0	2020-04-13	dead	0.11.0	2020-04-14
9.2.0	2020-03-02	dead	0.10.3	2020-03-03
9.1.0	2019-12-04	dead	0.10.0	2019-12-07
9.0.1	2019-09-30	dead	0.9.4	2019-09-14
9.0.0	2019-09-09	dead	0.9.4	2019-09-14
8.1.0	2019-06-17	dead	0.9.1	2019-06-19
8.0.1	2019-04-23	dead
8.0.0	2019-04-15	dead
7.0.1	2019-02-18	dead
7.0.0	2019-01-28	dead
6.2.0	2018-11-19	dead
6.1.0	2018-10-29	dead
6.0.1	2018-10-08	dead
6.0.0	2018-09-18	dead
5.1.0	2018-05-30	dead
5.0.2	2018-04-16	dead
5.0.1	2018-03-26	dead
5.0.0	2018-03-12	dead
4.1.0	2017-12-04	dead
4.0.1	2017-10-25	dead
4.0.0	2017-10-18	dead
3.0.2	2017-09-05	dead
3.0.1	2017-07-31	dead
3.0.0	2017-06-19	dead
2.3.0	2017-05-15	dead
2.2.0	2017-04-17	dead
2.1.0	2017-03-27	dead
2.0.0	2017-03-03	dead
