list	code	id
firmware	0	2.0.0
firmware	1	2.1.0
firmware	2	2.2.0
firmware	3	2.3.0
firmware	4	3.0.0
firmware	5	3.0.1
firmware	6	3.0.2
firmware	7	4.0.0
firmware	8	4.0.1
firmware	9	4.1.0
firmware	10	5.0.0
firmware	11	5.0.1
firmware	12	5.0.2
firmware	13	5.1.0
firmware	14	6.0.0
firmware	15	6.0.1
firmware	16	6.1.0
firmware	17	6.2.0
firmware	18	7.0.0
firmware	19	7.0.1
firmware	20	8.0.0
firmware	21	8.0.1
firmware	22	8.1.0
firmware	23	9.0.0
firmware	24	9.0.1
firmware	25	9.1.0
firmware	26	9.2.0
firmware	27	10.0.0
firmware	28	10.0.1
firmware	29	10.0.2
firmware	30	10.0.3
firmware	31	10.0.4
firmware	32	10.1.0
firmware	33	10.2.0
firmware	34	11.0.0
firmware	35	11.0.1
firmware	36	12.0.0
firmware	37	12.0.1
firmware	38	12.0.2
firmware	39	12.0.3
firmware	40	12.1.0
firmware	41	13.0.0
firmware	42	13.1.0
firmware	43	13.2.0
firmware	44	13.2.1
firmware	45	14.0.0
firmware	46	14.1.0
firmware	47	14.1.1
firmware	48	14.1.2
firmware	49	15.0.0
firmware	50	15.0.1
firmware	51	16.0.0
firmware	52	16.0.1
firmware	53	16.0.2
firmware	54	16.0.3
firmware	55	16.1.0
firmware	56	17.0.0
firmware	57	17.0.1
firmware	58	18.0.0
firmware	59	18.0.1
firmware	60	18.1.0
firmware	61	19.0.0
firmware	62	19.0.1
firmware	63	20.0.0
firmware	64	20.0.1
firmware	65	20.1.0
firmware	66	20.1.1
firmware	67	20.1.5
firmware	68	20.2.0
firmware	69	20.3.0
firmware	70	20.4.0
firmware	71	20.5.0
firmware	72	21.0.0
firmware	73	21.0.1
firmware	74	21.1.0
firmware	75	21.2.0
firmware	76	22.0.0
firmware	77	22.1.0
firmware	78	22.5.0
firmware	79	23.0.0
firmware	80	23.0.1
software	0	hekate
software	1	atmosphere
software	2	daybreak
software	3	sys_patch
software	4	fusee
software	5	lockpick_rcm
software	6	tegraexplorer
software	7	common_problem_resolver
software	8	hwfly_toolbox
software	9	picofly_toolbox
software	10	dbi
software	11	jksv
software	12	appstore
software	13	aio_updater
software	14	ovlmenu
software	15	ultrahand
software	16	sys_clk
software	17	status_monitor
software	18	fps_locker
software	19	missioncontrol
software	20	saltynx
software	21	linkalho
software	22	nxdumptool
software	23	edizon
software	24	emuiibo
software	25	nxthemes_installer
software	26	themezer
software	27	ldn_mitm
software	28	sys_con
software	29	sys_ftpd_light
software	30	nxmp
software	31	checkpoint
software	32	edizon_overlay
software	33	reversenx_rt
software	34	switch_cheats_updater
software	35	nx_activity_log
software	36	nx_shell
software	37	fizeau
software	38	retroarch
software	39	ppsspp
software	40	moonlight
software	41	mgba
software	42	melonds
software	43	scummvm
software	44	pplay
software	45	sys_tune
software	46	sysdvr
software	47	sysdvr_overlay
software	48	noled
software	49	master_volume
software	50	bt_audio
software	51	sphaira
software	52	dbi_patcher
software	53	goldleaf
software	54	neumann
software	55	breeze
software	56	simple_mod_manager
software	57	simple_mod_downloader
software	58	amiigo
software	59	amiibo_generator
software	60	jc_color_swapper
software	61	switchfin
software	62	browsenx
software	63	lennytube
software	64	comicnx
software	65	ulaunch
software	66	akira
software	67	skynx
software	68	switch_remote_play
software	69	flycast
software	70	noods
software	71	desmume
software	72	psnes
software	73	pnes
software	74	pfbneo
software	75	sys_botbase
software	76	usb_botbase
software	77	sys_gdbstub
software	78	twili
software	79	nx_fan_control
software	80	sys_hidplus
software	81	tinfoil
words	0	R
words	1	L
words	2	ZR
words	3	ZL
words	4	A
words	5	B
words	6	X
words	7	Y
words	8	DUP
words	9	DDOWN
words	10	DRIGHT
words	11	DLEFT
words	12	PLUS
words	13	MINUS
words	14	RS
words	15	LS
words	16	R+DUP
words	17	R+DDOWN
words	18	R+DRIGHT
words	19	R+DLEFT
words	20	R+RS
words	21	R+LS
words	22	R+PLUS
words	23	R+MINUS
words	24	L+DUP
words	25	L+DDOWN
words	26	L+DRIGHT
words	27	L+DLEFT
words	28	L+RS
words	29	L+LS
words	30	L+PLUS
words	31	L+MINUS
words	32	ZR+DUP
words	33	ZR+DDOWN
words	34	ZR+DRIGHT
words	35	ZR+DLEFT
words	36	ZR+RS
words	37	ZR+LS
words	38	ZR+PLUS
words	39	ZR+MINUS
words	40	ZL+DUP
words	41	ZL+DDOWN
words	42	ZL+DRIGHT
words	43	ZL+DLEFT
words	44	ZL+RS
words	45	ZL+LS
words	46	ZL+PLUS
words	47	ZL+MINUS
words	48	L+R+DUP
words	49	L+R+DDOWN
words	50	L+R+DRIGHT
words	51	L+R+DLEFT
words	52	L+R+RS
words	53	L+R+LS
words	54	L+R+PLUS
words	55	L+R+MINUS
words	56	ZL+ZR+DUP
words	57	ZL+ZR+DDOWN
words	58	ZL+ZR+DRIGHT
words	59	ZL+ZR+DLEFT
words	60	ZL+ZR+RS
words	61	ZL+ZR+LS
words	62	ZL+ZR+PLUS
words	63	ZL+ZR+MINUS
words	64	R+ZL+ZR
words	65	L+ZL+ZR
words	66	MINUS+PLUS
words	67	LS+RS
words	68	ZL+ZR+LS+RS
words	69	LSTICK
words	70	RSTICK
words	71	R+ZR+RSTICK
words	72	L+ZL+LSTICK
words	73	L+DDOWN+RS
words	74	center
words	75	left
words	76	right
words	77	top
words	78	bottom
words	79	off
words	80	emummc
words	81	sysmmc
words	82	en
words	83	de
words	84	es
words	85	fr
words	86	it
words	87	nl
words	88	pl
words	89	pt
words	90	CPU
words	91	GPU
words	92	RAM
words	93	FAN
words	94	FPS
words	95	Size
words	96	stock
words	97	atmosphere-logo
words	98	atmosphere-splash
words	99	block
words	100	default
words	101	payload
words	102	normal
words	103	rcm
words	104	auto
words	105	on
words	106	39_bit
words	107	36_bit
words	108	32_bit
words	109	hiddbg
words	110	mitm
words	111	disabled
words	112	ja
words	113	ko
words	114	ru
words	115	uk
words	116	zh-cn
words	117	zh-tw
words	118	TEMP
words	119	DRAW
words	120	RES
words	121	READ
words	122	BRD
words	123	be
words	124	engb
words	125	es419
words	126	et
words	127	frca
words	128	id
words	129	jp
words	130	kk
words	131	kr
words	132	lt
words	133	lv
words	134	ptbr
words	135	tr
words	136	ua
words	137	zhcn
words	138	zhtw
words	139	LastPlayed
words	140	InstallLocation
words	141	Name
words	142	AppLastPlayed
words	143	AppName
words	144	UserUid
words	145	Time
words	146	Day
words	147	Night
words	148	Sepia
words	149	Darkroom
words	150	menu
words	151	fusee
words	152	lockpick_rcm
words	153	tegraexplorer
words	154	common_problem_resolver
words	155	hwfly_toolbox
words	156	picofly_toolbox
words	157	hekate-a
words	158	hekate-a-custom
words	159	hekate-b
words	160	hekate-b-custom
words	161	hekate-c
words	162	hekate-c-ctc
words	163	hekate-d
words	164	hekate-d-ctc
words	165	atmosphere-banner
words	166	mattera-atmosphere-hue
words	167	hekate-switch
words	168	hekate-lakka-hue
words	169	mattera-lockpick-hue
words	170	hekate-payload
words	171	brewdeck-emummc-hue
words	172	brewdeck-sysmmc-hue
words	173	brewdeck-stock-hue
words	174	brewdeck-fusee-hue
words	175	brewdeck-tegraexplorer-hue
words	176	brewdeck-resolver-hue
words	177	brewdeck-hwfly-hue
words	178	brewdeck-picofly-hue
words	179	atmosphere-logo-light
words	180	mattera-atmosphere
words	181	mattera-switch
words	182	hekate-lakka
words	183	mattera-lockpick
words	184	mattera-payload
words	185	brewdeck-emummc
words	186	brewdeck-sysmmc
words	187	brewdeck-stock
words	188	brewdeck-fusee
words	189	brewdeck-tegraexplorer
words	190	brewdeck-resolver
words	191	brewdeck-hwfly
words	192	brewdeck-picofly
words	193	custom
words	194	balanced
words	195	performance
words	196	battery
words	197	docked_cpu
words	198	docked_gpu
words	199	docked_mem
words	200	handheld_cpu
words	201	handheld_gpu
words	202	handheld_mem
words	203	handheld_charging_cpu
words	204	handheld_charging_gpu
words	205	handheld_charging_mem
words	206	handheld_charging_usb_cpu
words	207	handheld_charging_usb_gpu
words	208	handheld_charging_usb_mem
words	209	handheld_charging_official_cpu
words	210	handheld_charging_official_gpu
words	211	handheld_charging_official_mem
words	212	launch
words	213	img
words	214	logo
words	215	icon
words	216	cal0blank
words	217	usb3force
words	218	memmode
l	0	boot
l	1	emummc
l	2	autoboot
l	3	launch.emummc.cal0blank
l	4	launch.emummc.usb3force
l	5	launch.emummc.memmode
l	6	launch.sysmmc.cal0blank
l	7	launch.sysmmc.usb3force
l	8	launch.sysmmc.memmode
l	9	launch.stock.cal0blank
l	10	launch.stock.usb3force
l	11	launch.stock.memmode
l	12	logo.bootwait
l	13	logo.noticker
l	14	hekate.backlight
l	15	hekate.autohosoff
l	16	hekate.autonogc
l	17	hekate.updater2p
l	18	hekate.bootprotect
l	19	nyx.themecolor
l	20	nyx.themebg
l	21	nyx.homescreen
l	22	nyx.verification
l	23	nyx.entries5col
l	24	nyx.timedst
l	25	nyx.umsemmcrw
l	26	nyx.jcdisable
l	27	nyx.jcforceright
l	28	nyx.bpmpclock
f	0	dns.mode
f	1	dns.targets
f	2	dns.add_defaults
f	3	dns.debug_log
f	4	exosphere.blank_prodinfo_emummc
f	5	exosphere.blank_prodinfo_sysmmc
f	6	exosphere.allow_writing_to_cal_sysmmc
f	7	exosphere.debugmode
f	8	exosphere.debugmode_user
f	9	exosphere.disable_user_exception_handlers
f	10	exosphere.enable_user_pmu_access
f	11	exosphere.enable_mem_mode
f	12	exosphere.log_port
f	13	exosphere.log_baud_rate
f	14	exosphere.log_inverted
f	15	atmosphere.upload_enabled
f	16	atmosphere.usb30_force_enabled
f	17	atmosphere.dmnt_cheats_enabled_by_default
f	18	atmosphere.dmnt_always_save_cheat_toggles
f	19	atmosphere.enable_external_bluetooth_db
f	20	atmosphere.power_menu_reboot_function
f	21	atmosphere.fatal_auto_reboot_interval
f	22	atmosphere.disable_automatic_report_cleanup
f	23	atmosphere.ease_nro_restriction
f	24	atmosphere.enable_log_manager
f	25	atmosphere.enable_sd_card_logging
f	26	atmosphere.sd_card_log_output_directory
f	27	atmosphere.enable_htc
f	28	atmosphere.enable_am_debug_mode
f	29	atmosphere.enable_hbl_bis_write
f	30	atmosphere.enable_hbl_cal_read
f	31	atmosphere.fsmitm_redirect_saves_to_sd
f	32	atmosphere.applet_heap_size
f	33	atmosphere.applet_heap_reservation_size
f	34	stratosphere.nogc
f	35	hbl.album
f	36	hbl.any_app
f	37	hbl.key
f	38	hbl.mods_key
f	39	hbl.cheat_key
f	40	hbl.address_space
f	41	hbl.path
f	42	sys_patch.patch_sysmmc
f	43	sys_patch.patch_emummc
f	44	sys_patch.version_skip
f	45	sys_patch.enable_logging
o	0	tesla.key_combo
o	1	ultrahand.default_lang
o	2	ultrahand.launch_combos
o	3	ultrahand.swipe_to_open
o	4	ultrahand.swipe_offset
o	5	ultrahand.haptic_feedback
o	6	ultrahand.stick_navigation
o	7	ultrahand.hold_duration
o	8	ultrahand.sound_effects
o	9	ultrahand.opaque_screenshots
o	10	ultrahand.right_alignment
o	11	ultrahand.auto_ntp_sync
o	12	ultrahand.show_packages
o	13	ultrahand.page_swap
o	14	ultrahand.show_user_guide
o	15	ultrahand.show_hidden
o	16	ultrahand.show_delete
o	17	ultrahand.show_unsupported
o	18	ultrahand.show_overlay_versions
o	19	ultrahand.show_package_versions
o	20	ultrahand.clean_version_labels
o	21	ultrahand.show_clock
o	22	ultrahand.datetime_format
o	23	ultrahand.show_soc_temp
o	24	ultrahand.show_pcb_temp
o	25	ultrahand.show_battery
o	26	ultrahand.dynamic_widget_colors
o	27	ultrahand.center_widget_alignment
o	28	ultrahand.show_widget_backdrop
o	29	ultrahand.extended_widget_backdrop
o	30	ultrahand.show_widget_border
o	31	ultrahand.dynamic_widget_border
o	32	ultrahand.switch_2_style
o	33	ultrahand.dynamic_logo
o	34	ultrahand.dynamic_tables
o	35	ultrahand.selection_bg
o	36	ultrahand.selection_text
o	37	ultrahand.selection_value
o	38	ultrahand.libultrahand_titles
o	39	ultrahand.libultrahand_versions
o	40	ultrahand.package_titles
o	41	ultrahand.package_versions
o	42	ultrahand.in_package_titles
o	43	ultrahand.notifications
o	44	ultrahand.notifications_hotkey
o	45	ultrahand.startup_notification
o	46	ultrahand.silence_notifications
o	47	ultrahand.max_notifications
mc	0	missioncontrol.enable_rumble
mc	1	missioncontrol.enable_motion
mc	2	missioncontrol.analog_trigger_activation_threshold
mc	3	missioncontrol.dualsense_lightbar_brightness
mc	4	missioncontrol.dualsense_enable_player_leds
mc	5	missioncontrol.dualsense_vibration_intensity
mc	6	missioncontrol.dualsense_adaptive_trigger_travel
mc	7	missioncontrol.dualshock4_lightbar_brightness
mc	8	missioncontrol.dualshock3_enable_usb_pairing
mc	9	missioncontrol.dualshock3_led_mode
mc	10	missioncontrol.dualshock4_polling_rate
mc	11	missioncontrol.host_name
mc	12	missioncontrol.host_address
co	0	sys_con.mode
co	1	sys_con.discovery_mode
co	2	sys_con.discovery_vidpid
co	3	sys_con.auto_add_controller
co	4	sys_con.polling_timeout_ms
co	5	sys_con.polling_thread_priority
co	6	sys_con.network_controller
co	7	sys_con.network_controller_port
co	8	sys_con.log_level
tu	0	sys_tune.load_path
tu	1	sys_tune.shuffle
tu	2	sys_tune.repeat
tu	3	sys_tune.volume
tu	4	sys_tune.global_volume
tu	5	sys_tune.title_default
tu	6	ultrahand_sys_tune.priority
tu	7	ultrahand_sys_tune.star
tu	8	ultrahand_sys_tune.hide
tu	9	ultrahand_sys_tune.use_launch_args
tu	10	ultrahand_sys_tune.launch_args
tu	11	ultrahand_sys_tune.custom_name
tu	12	ultrahand_sys_tune.custom_version
tu	13	ultrahand_sys_tune.key_combo
tu	14	ultrahand_sys_tune.force_support
tu	15	ultrahand_sys_tune.modes
ft	0	sys_ftpd_light.anonymous
ft	1	sys_ftpd_light.port
ft	2	sys_ftpd_light.pause
ft	3	sys_ftpd_light.keycombo
ft	4	sys_ftpd_light.led
sm	0	ultrahand_status_monitor.priority
sm	1	ultrahand_status_monitor.star
sm	2	ultrahand_status_monitor.hide
sm	3	ultrahand_status_monitor.use_launch_args
sm	4	ultrahand_status_monitor.launch_args
sm	5	ultrahand_status_monitor.custom_name
sm	6	ultrahand_status_monitor.custom_version
sm	7	ultrahand_status_monitor.key_combo
sm	8	ultrahand_status_monitor.force_support
sm	9	ultrahand_status_monitor.modes
sm	10	status_monitor.key_combo
sm	11	status_monitor.touch_screen
sm	12	status_monitor.motion_control
sm	13	status_monitor.left_joycon_motion_key_combo
sm	14	status_monitor.right_joycon_motion_key_combo
sm	15	status_monitor.pro_controller_motion_key_combo
sm	16	status_monitor.average_gpu_load
sm	17	status_monitor.battery_avg_iir_filter
sm	18	status_monitor.battery_time_left_refreshrate
sm	19	status_monitor.use_old_fps_average
sm	20	status_monitor.font_cache
sm	21	status_monitor_full.refresh_rate
sm	22	status_monitor_full.layer_width_align
sm	23	status_monitor_full.show_real_freqs
sm	24	status_monitor_full.show_deltas
sm	25	status_monitor_full.show_target_freqs
sm	26	status_monitor_full.show_fps
sm	27	status_monitor_full.show_res
sm	28	status_monitor_full.show_read_speed
sm	29	status_monitor_mini.show
sm	30	status_monitor_mini.real_freqs
sm	31	status_monitor_mini.replace_MB_with_RAM_load
sm	32	status_monitor_mini.refresh_rate
sm	33	status_monitor_mini.layer_width_align
sm	34	status_monitor_mini.layer_height_align
sm	35	status_monitor_mini.handheld_font_size
sm	36	status_monitor_mini.docked_font_size
sm	37	status_monitor_mini.background_color
sm	38	status_monitor_mini.cat_color
sm	39	status_monitor_mini.text_color
sm	40	status_monitor_micro.show
sm	41	status_monitor_micro.real_freqs
sm	42	status_monitor_micro.replace_GB_with_RAM_load
sm	43	status_monitor_micro.refresh_rate
sm	44	status_monitor_micro.layer_height_align
sm	45	status_monitor_micro.text_align
sm	46	status_monitor_micro.handheld_font_size
sm	47	status_monitor_micro.docked_font_size
sm	48	status_monitor_micro.background_color
sm	49	status_monitor_micro.cat_color
sm	50	status_monitor_micro.text_color
sm	51	status_monitor_fps_counter.layer_width_align
sm	52	status_monitor_fps_counter.layer_height_align
sm	53	status_monitor_fps_counter.handheld_font_size
sm	54	status_monitor_fps_counter.docked_font_size
sm	55	status_monitor_fps_counter.background_color
sm	56	status_monitor_fps_counter.text_color
sm	57	status_monitor_fps_graph.layer_width_align
sm	58	status_monitor_fps_graph.layer_height_align
sm	59	status_monitor_fps_graph.background_color
sm	60	status_monitor_fps_graph.border_color
sm	61	status_monitor_fps_graph.dashed_line_color
sm	62	status_monitor_fps_graph.main_line_color
sm	63	status_monitor_fps_graph.rounded_line_color
sm	64	status_monitor_fps_graph.perfect_line_color
sm	65	status_monitor_fps_graph.fps_counter_color
sm	66	status_monitor_fps_graph.max_fps_text_color
sm	67	status_monitor_fps_graph.min_fps_text_color
sm	68	status_monitor_game_resolutions.refresh_rate
sm	69	status_monitor_game_resolutions.layer_width_align
sm	70	status_monitor_game_resolutions.layer_height_align
sm	71	status_monitor_game_resolutions.background_color
sm	72	status_monitor_game_resolutions.cat_color
sm	73	status_monitor_game_resolutions.text_color
fl	0	ultrahand_fps_locker.priority
fl	1	ultrahand_fps_locker.star
fl	2	ultrahand_fps_locker.hide
fl	3	ultrahand_fps_locker.use_launch_args
fl	4	ultrahand_fps_locker.launch_args
fl	5	ultrahand_fps_locker.custom_name
fl	6	ultrahand_fps_locker.custom_version
fl	7	ultrahand_fps_locker.key_combo
fl	8	ultrahand_fps_locker.force_support
fl	9	ultrahand_fps_locker.modes
rr	0	ultrahand_reversenx_rt.priority
rr	1	ultrahand_reversenx_rt.star
rr	2	ultrahand_reversenx_rt.hide
rr	3	ultrahand_reversenx_rt.use_launch_args
rr	4	ultrahand_reversenx_rt.launch_args
rr	5	ultrahand_reversenx_rt.custom_name
rr	6	ultrahand_reversenx_rt.custom_version
rr	7	ultrahand_reversenx_rt.key_combo
rr	8	ultrahand_reversenx_rt.force_support
rr	9	ultrahand_reversenx_rt.modes
vr	0	ultrahand_sysdvr_overlay.priority
vr	1	ultrahand_sysdvr_overlay.star
vr	2	ultrahand_sysdvr_overlay.hide
vr	3	ultrahand_sysdvr_overlay.use_launch_args
vr	4	ultrahand_sysdvr_overlay.launch_args
vr	5	ultrahand_sysdvr_overlay.custom_name
vr	6	ultrahand_sysdvr_overlay.custom_version
vr	7	ultrahand_sysdvr_overlay.key_combo
vr	8	ultrahand_sysdvr_overlay.force_support
vr	9	ultrahand_sysdvr_overlay.modes
ez	0	ultrahand_edizon_overlay.priority
ez	1	ultrahand_edizon_overlay.star
ez	2	ultrahand_edizon_overlay.hide
ez	3	ultrahand_edizon_overlay.use_launch_args
ez	4	ultrahand_edizon_overlay.launch_args
ez	5	ultrahand_edizon_overlay.custom_name
ez	6	ultrahand_edizon_overlay.custom_version
ez	7	ultrahand_edizon_overlay.key_combo
ez	8	ultrahand_edizon_overlay.force_support
ez	9	ultrahand_edizon_overlay.modes
nl	0	ultrahand_noled.priority
nl	1	ultrahand_noled.star
nl	2	ultrahand_noled.hide
nl	3	ultrahand_noled.use_launch_args
nl	4	ultrahand_noled.launch_args
nl	5	ultrahand_noled.custom_name
nl	6	ultrahand_noled.custom_version
nl	7	ultrahand_noled.key_combo
nl	8	ultrahand_noled.force_support
nl	9	ultrahand_noled.modes
mv	0	ultrahand_master_volume.priority
mv	1	ultrahand_master_volume.star
mv	2	ultrahand_master_volume.hide
mv	3	ultrahand_master_volume.use_launch_args
mv	4	ultrahand_master_volume.launch_args
mv	5	ultrahand_master_volume.custom_name
mv	6	ultrahand_master_volume.custom_version
mv	7	ultrahand_master_volume.key_combo
mv	8	ultrahand_master_volume.force_support
mv	9	ultrahand_master_volume.modes
ba	0	ultrahand_bt_audio.priority
ba	1	ultrahand_bt_audio.star
ba	2	ultrahand_bt_audio.hide
ba	3	ultrahand_bt_audio.use_launch_args
ba	4	ultrahand_bt_audio.launch_args
ba	5	ultrahand_bt_audio.custom_name
ba	6	ultrahand_bt_audio.custom_version
ba	7	ultrahand_bt_audio.key_combo
ba	8	ultrahand_bt_audio.force_support
ba	9	ultrahand_bt_audio.modes
c	0	ultrahand_sys_clk.priority
c	1	ultrahand_sys_clk.star
c	2	ultrahand_sys_clk.hide
c	3	ultrahand_sys_clk.use_launch_args
c	4	ultrahand_sys_clk.launch_args
c	5	ultrahand_sys_clk.custom_name
c	6	ultrahand_sys_clk.custom_version
c	7	ultrahand_sys_clk.key_combo
c	8	ultrahand_sys_clk.force_support
c	9	ultrahand_sys_clk.modes
c	10	sys_clk.poll_interval_ms
c	11	sys_clk.temp_log_interval_ms
c	12	sys_clk.freq_log_interval_ms
c	13	sys_clk.power_log_interval_ms
c	14	sys_clk.csv_write_interval_ms
c	15	oc
fc	0	ultrahand_nx_fan_control.priority
fc	1	ultrahand_nx_fan_control.star
fc	2	ultrahand_nx_fan_control.hide
fc	3	ultrahand_nx_fan_control.use_launch_args
fc	4	ultrahand_nx_fan_control.launch_args
fc	5	ultrahand_nx_fan_control.custom_name
fc	6	ultrahand_nx_fan_control.custom_version
fc	7	ultrahand_nx_fan_control.key_combo
fc	8	ultrahand_nx_fan_control.force_support
fc	9	ultrahand_nx_fan_control.modes
lm	0	ultrahand_ldn_mitm.priority
lm	1	ultrahand_ldn_mitm.star
lm	2	ultrahand_ldn_mitm.hide
lm	3	ultrahand_ldn_mitm.use_launch_args
lm	4	ultrahand_ldn_mitm.launch_args
lm	5	ultrahand_ldn_mitm.custom_name
lm	6	ultrahand_ldn_mitm.custom_version
lm	7	ultrahand_ldn_mitm.key_combo
lm	8	ultrahand_ldn_mitm.force_support
lm	9	ultrahand_ldn_mitm.modes
fi	0	ultrahand_fizeau.priority
fi	1	ultrahand_fizeau.star
fi	2	ultrahand_fizeau.hide
fi	3	ultrahand_fizeau.use_launch_args
fi	4	ultrahand_fizeau.launch_args
fi	5	ultrahand_fizeau.custom_name
fi	6	ultrahand_fizeau.custom_version
fi	7	ultrahand_fizeau.key_combo
fi	8	ultrahand_fizeau.force_support
fi	9	ultrahand_fizeau.modes
am	0	ultrahand_emuiibo.priority
am	1	ultrahand_emuiibo.star
am	2	ultrahand_emuiibo.hide
am	3	ultrahand_emuiibo.use_launch_args
am	4	ultrahand_emuiibo.launch_args
am	5	ultrahand_emuiibo.custom_name
am	6	ultrahand_emuiibo.custom_version
am	7	ultrahand_emuiibo.key_combo
am	8	ultrahand_emuiibo.force_support
am	9	ultrahand_emuiibo.modes
am	10	amiigo.categoryMode
am	11	amiigo.useRandomisedUUID
am	12	amiigo.saveAmiiboImages
db	0	dbi_patcher.language
db	1	dbi_general.ExitToHomeScreen
db	2	dbi_general.SavesFolder
db	3	dbi_general.LogEvents
db	4	dbi_general.LogsFolder
db	5	dbi_general.DumpsFolder
db	6	dbi_general.AppSorting
db	7	dbi_general.SaveSorting
db	8	dbi_general.HighlightUpdates
db	9	dbi_general.RotateScreen
db	10	dbi_general.RotateJoycon
db	11	dbi_general.VersionsURL
db	12	dbi_general.TitleDB
db	13	dbi_general.ROSaveFS
db	14	dbi_general.ShowUpdateFromHere
db	15	dbi_general.ShowCacheWarmingIndicator
db	16	dbi_general.MoveDownAfterX
db	17	dbi_general.ScreenIdleTimeout
db	18	dbi_general.Autorepeat
db	19	dbi_general.Secondcursor
db	20	dbi_general.FoolproofSaveDelete
db	21	dbi_general.TimeShow
db	22	dbi_general.TimeShowSeconds
db	23	dbi_general.BrowseAppsFromFiles
db	24	dbi_general.ValidateSSL
db	25	dbi_general.DBIUpdateURL
db	26	dbi_general.DumpForwarders
db	27	dbi_general.HideFolderJpg
db	28	dbi_general.ShowFolderImage
db	29	dbi_general.CustomDNS
db	30	dbi_general.SmartNetworkConfig
db	31	dbi_general.AutoSaveBackupInterval
db	32	dbi_general.ContentsPath
db	33	dbi_general.ExefsPatchesPath
db	34	dbi_album.ApplicationId
db	35	dbi_filtering.FilterFolders
db	36	dbi_filtering.InheritFilter
db	37	dbi_activity_log.HideUnknownUsers
db	38	dbi_main_menu.BrowseSD
db	39	dbi_main_menu.BrowseSystem
db	40	dbi_main_menu.BrowseUser
db	41	dbi_main_menu.USBHost
db	42	dbi_main_menu.BackendInstall
db	43	dbi_main_menu.GameCard
db	44	dbi_main_menu.Network
db	45	dbi_main_menu.Local
db	46	dbi_main_menu.BrowseApps
db	47	dbi_main_menu.Tickets
db	48	dbi_main_menu.Saves
db	49	dbi_main_menu.MTP
db	50	dbi_main_menu.FTP
db	51	dbi_main_menu.HTTP
db	52	dbi_main_menu.Tools
db	53	dbi_applications.CalculateLFSSize
db	54	dbi_install.CheckHash
db	55	dbi_install.EnableNSZ
db	56	dbi_install.CreateLFS
db	57	dbi_install.PatchUAC
db	58	dbi_install.PatchScreenshot
db	59	dbi_install.PatchVideoRec
db	60	dbi_install.PatchMasterKeyGeneration
db	61	dbi_install.Patch21Names
db	62	dbi_install.PatchVersionInMeta
db	63	dbi_mtp.ShowCombinedNSP
db	64	dbi_mtp.AddBaseUpdate
db	65	dbi_mtp.ShowMAC
db	66	dbi_mtp.MACasTID
db	67	dbi_mtp.CustomStorages
db	68	dbi_mtp.TurnOffScreen
db	69	dbi_mtp.ReportAndroidExtension
db	70	dbi_mtp.SingleURB
db	71	dbi_mtp.BufferSize
db	72	dbi_mtp.NewBufferTimeout
db	73	dbi_mtp.AutoremoveInstalled
db	74	dbi_mtp.InitiatorStrictClassFiltering
db	75	dbi_ftp.TurnOffScreen
db	76	dbi_ftp.ReadMT
db	77	dbi_ftp.Port
db	78	dbi_ftp.MinPassivePort
db	79	dbi_ftp.MaxPassivePort
db	80	dbi_ftp.CDIR
db	81	dbi_ftp.ForceUtf8
db	82	dbi_ftp.UseWaitAll
db	83	dbi_http.Port
db	84	dbi_http.Timeout
db	85	dbi_http.RetryCount
db	86	dbi_access_point.UseAP
db	87	dbi_access_point.SSID
db	88	dbi_access_point.Use5GHz
db	89	dbi_access_point.Hidden
db	90	dbi_mtp_storages.SDCard
db	91	dbi_mtp_storages.NandUSER
db	92	dbi_mtp_storages.NandSYSTEM
db	93	dbi_mtp_storages.InstalledGames
db	94	dbi_mtp_storages.SDCardInstall
db	95	dbi_mtp_storages.NANDInstall
db	96	dbi_mtp_storages.Saves
db	97	dbi_mtp_storages.Album
db	98	dbi_mtp_storages.Gamecard
db	99	dbi_fb2.Theme
db	100	dbi_fb2.Hyphenation
db	101	dbi_fb2.Orientation
db	102	dbi_local_sources.sources
db	103	dbi_mtp_custom_storages.storages
db	104	dbi_title_name_override.names
db	105	dbi_disabled_titles_to_check_for_updates.BlockAllTitlesWithLFS
db	106	dbi_disabled_titles_to_check_for_updates.titles
jk	0	jksv.WorkingDirectory
jk	1	jksv.IncludeDeviceSaves
jk	2	jksv.AutoBackupOnRestore
jk	3	jksv.AutoNameBackups
jk	4	jksv.AutoUploadToRemote
jk	5	jksv.KeepLocalBackups
jk	6	jksv.AlwaysUseTitleID
jk	7	jksv.EnglishSafeTitles
jk	8	jksv.HoldForDeletion
jk	9	jksv.HoldForRestoration
jk	10	jksv.HoldForOverWrite
jk	11	jksv.OnlyListMountable
jk	12	jksv.ListAccountSystemSaves
jk	13	jksv.AllowSystemSaveWriting
jk	14	jksv.ExportToZip
jk	15	jksv.ZipCompressionLevel
jk	16	jksv.TitleSortType
jk	17	jksv.JKSMTextMode
jk	18	jksv.ForceEnglish
jk	19	jksv.ShowDevice
jk	20	jksv.ShowBCAT
jk	21	jksv.ShowCache
jk	22	jksv.ShowSystem
jk	23	jksv.EnableTrash
jk	24	jksv.UIAnimationScaling
jk	25	jksv_webdav.origin
jk	26	jksv_webdav.basepath
a	0	img.bootlogo
a	1	img.background
a	2	img.logo.emummc
a	3	img.logo.sysmmc
a	4	img.logo.stock
a	5	img.logo.fusee
a	6	img.logo.lockpick_rcm
a	7	img.logo.tegraexplorer
a	8	img.logo.common_problem_resolver
a	9	img.logo.hwfly_toolbox
a	10	img.logo.picofly_toolbox
a	11	img.icon.emummc
a	12	img.icon.sysmmc
a	13	img.icon.stock
a	14	img.icon.fusee
a	15	img.icon.lockpick_rcm
a	16	img.icon.tegraexplorer
a	17	img.icon.common_problem_resolver
a	18	img.icon.hwfly_toolbox
a	19	img.icon.picofly_toolbox
